Date,Prev Close,Open,High,Low,Last,Close,VWAP,Volume,Turnover,Trades,Deliverable Volume,%Deliverble
2014-08-14,473.5,474.35,485.85,473.65,484.85,484.6,481.36,6349274,3.0563068016e+14,82901,3193892,0.503
2014-08-18,484.6,489.05,505.65,488.9,505.05,503.8,499.04,8564539,4.27408776255e+14,108555,4309605,0.5032
2014-08-19,503.8,507.5,520.7,505.55,520.6,518.85,513.22,9859931,5.0603000862e+14,131331,4979420,0.505
2014-08-20,518.85,519.0,522.0,510.9,511.05,512.25,515.78,5409421,2.79008450175e+14,95723,2647462,0.4894
2014-08-21,512.25,516.0,518.15,506.15,511.65,512.75,512.62,5405948,2.77122407225e+14,70205,2978409,0.551
2014-08-22,512.75,515.25,520.65,510.6,512.3,511.55,514.79,4357503,2.24319236065e+14,63873,2272775,0.5216
2014-08-25,511.55,517.0,518.0,505.35,507.45,508.4,512.93,3963009,2.0327290579e+14,70287,2348421,0.5926
2014-08-26,508.4,498.5,515.2,496.35,514.15,512.65,507.71,4674270,2.3731897794e+14,76268,1692400,0.3621
2014-08-27,512.65,518.9,524.0,516.2,524.0,521.7,520.46,3863988,2.01103826055e+14,82828,1354711,0.3506
2014-08-28,521.7,523.7,531.65,522.65,524.2,525.05,527.05,5538124,2.9188649318e+14,77525,2905954,0.5247
2014-09-01,525.05,526.0,529.5,516.75,520.7,520.0,520.67,6254629,3.25658120365e+14,74771,4167274,0.6663
2014-09-02,520.0,520.0,520.75,512.05,516.9,516.25,515.85,4650966,2.39918329295e+14,58994,2604668,0.56
2014-09-03,516.25,526.1,530.5,521.3,523.45,522.6,524.47,7316875,3.8374576087e+14,77198,4572260,0.6249
2014-09-04,522.6,522.7,522.7,509.25,513.05,513.0,513.41,7803460,4.0063356495e+14,110104,5643109,0.7232
2014-09-05,513.0,513.0,516.6,503.15,505.7,506.0,509.73,9954962,5.07433550225e+14,93030,6572377,0.6602
2014-09-08,506.0,508.0,512.0,502.9,510.2,510.1,506.83,9167389,4.64628376485e+14,73963,7132831,0.7781
2014-09-09,510.1,511.1,518.4,507.6,517.3,517.15,514.26,9037982,4.6478700808e+14,98072,6123800,0.6776
2014-09-10,517.15,513.8,520.95,512.4,515.5,516.55,517.67,7237841,3.74682522185e+14,68063,5047584,0.6974
2014-09-11,516.55,518.0,518.3,511.0,513.0,514.35,514.56,3952038,2.03355510615e+14,71684,2077377,0.5256
2014-09-12,514.35,515.0,519.35,513.4,517.15,517.2,516.68,4596246,2.37479944015e+14,52038,3070494,0.668
2014-09-15,517.2,512.0,515.4,510.15,512.65,512.4,512.61,2970679,1.5228011554e+14,57889,1841642,0.6199
2014-09-16,512.4,510.0,510.75,494.65,500.0,499.75,503.34,5734024,2.88617496825e+14,70246,3519479,0.6138
2014-09-17,499.75,502.0,509.5,491.4,506.85,506.95,500.41,4947732,2.47589652185e+14,74888,2739269,0.5536
2014-09-18,506.95,505.7,526.8,500.7,524.35,525.4,517.05,7051279,3.6458442554e+14,114517,4055275,0.5751
2014-09-19,525.4,525.2,529.0,516.55,519.75,518.9,523.4,5132096,2.68611478645e+14,74583,3043696,0.5931
2014-09-22,518.9,515.0,542.5,514.0,539.35,540.05,533.76,7888770,4.21070451885e+14,117475,3499972,0.4437
2014-09-23,540.05,541.7,542.6,516.1,518.75,517.8,528.91,7448994,3.93985935025e+14,88464,4076620,0.5473
2014-09-24,517.8,516.0,517.75,506.55,512.95,513.4,513.01,3846158,1.97310735325e+14,45019,1471267,0.3825
2014-09-25,513.4,512.7,514.75,500.0,505.0,504.35,506.83,6322423,3.2043648466e+14,65782,4001452,0.6329
2014-09-26,504.35,502.1,513.05,492.35,510.15,511.1,503.89,7175476,3.61566761435e+14,92507,3930894,0.5478
2014-09-29,511.1,510.1,515.6,507.65,510.25,510.75,511.24,5106197,2.61050200995e+14,63329,3224723,0.6315
2014-09-30,510.75,514.7,514.7,500.3,502.7,502.15,509.44,5517683,2.8109365323e+14,50426,2989775,0.5419
2014-10-01,502.15,501.2,507.4,499.25,506.15,502.75,504.3,3687493,1.859596479e+14,64441,2018927,0.5475
2014-10-07,502.75,502.75,516.8,502.75,505.0,504.95,509.83,5404357,2.755294598e+14,115646,2587493,0.4788
2014-10-08,504.95,507.0,512.7,502.0,509.1,509.0,509.17,3921022,1.99646702485e+14,65566,2096953,0.5348
2014-10-09,509.0,514.95,522.5,513.3,518.3,520.6,517.72,3718984,1.9253900611e+14,46067,2060040,0.5539
2014-10-10,520.6,514.5,514.5,489.35,494.9,492.7,497.19,7455947,3.70705279445e+14,105107,3728188,0.5
2014-10-13,492.7,490.0,498.2,480.05,496.1,496.25,489.6,5138424,2.5157860617e+14,93101,1774612,0.3454
2014-10-14,496.25,498.9,500.2,486.1,489.25,488.0,490.67,3845609,1.8869098884e+14,76433,1573864,0.4093
2014-10-16,488.0,485.45,501.1,481.7,484.45,483.8,492.28,6573240,3.235855235e+14,108403,3009700,0.4579
2014-10-17,483.8,483.75,483.75,468.0,475.35,475.8,475.83,9493560,4.5173506612e+14,126647,5306903,0.559
2014-10-20,475.8,487.9,497.0,484.6,493.2,494.65,492.88,5777633,2.8476977507e+14,75362,2928766,0.5069
2014-10-21,494.65,499.05,504.15,493.75,502.8,501.45,500.06,3930435,1.965472534e+14,61751,1352735,0.3442
2014-10-22,501.45,508.65,520.5,508.65,518.65,519.15,515.4,5780947,2.97949501395e+14,86037,2900126,0.5017
2014-10-23,519.15,519.0,519.0,514.6,515.45,515.65,516.31,542351,2.8002382785e+13,7973,153836,0.2836
2014-10-27,515.65,517.0,518.0,502.25,503.3,503.7,506.9,3143561,1.5934827824e+14,52206,1683869,0.5357
2014-10-28,503.7,505.7,511.3,503.05,509.0,508.65,508.4,2396689,1.21846877465e+14,35757,1025176,0.4277
2014-10-29,508.65,515.5,527.45,515.5,525.5,526.2,522.58,4369226,2.2832901138e+14,66927,1922688,0.4401
2014-10-30,526.2,522.35,531.35,520.1,525.0,526.95,526.45,6176152,3.25144289145e+14,78801,3365457,0.5449
2014-10-31,526.95,526.35,538.5,520.95,535.6,535.85,531.79,3914563,2.08174149955e+14,60219,1513206,0.3866
2014-11-03,535.85,530.6,535.9,526.25,530.8,531.4,530.96,2764829,1.468010301e+14,43675,1056499,0.3821
2014-11-05,531.4,529.0,539.8,521.25,536.2,536.0,535.48,6515021,3.4886615517e+14,77697,3953565,0.6068
2014-11-07,536.0,537.1,543.95,532.2,533.7,533.35,536.42,2454112,1.31642675995e+14,33318,1178987,0.4804
2014-11-10,533.35,530.75,534.45,518.75,523.35,522.3,523.93,3353906,1.75719901225e+14,45637,1956273,0.5833
2014-11-11,522.3,525.0,527.5,517.1,523.05,521.7,521.9,2523943,1.31725059145e+14,57747,1301363,0.5156
2014-11-12,521.7,523.4,536.9,521.9,530.0,531.85,532.44,3579289,1.9057489737e+14,70646,1774855,0.4959
2014-11-13,531.85,533.0,536.0,523.45,526.55,526.75,528.25,2769737,1.4631214248e+14,61690,1375448,0.4966
2014-11-14,526.75,529.85,536.8,519.65,522.5,523.9,529.62,4667710,2.47211984415e+14,78710,2502164,0.5361
2014-11-17,523.9,520.0,547.55,520.0,545.15,545.25,540.43,7083220,3.8280030838e+14,135377,2894154,0.4086
2014-11-18,545.25,548.65,550.7,540.5,541.55,541.6,543.99,4499757,2.44781813595e+14,97414,2615901,0.5813
2014-11-19,541.6,544.05,544.95,522.5,530.45,529.5,532.38,4628849,2.46428966965e+14,80271,2589630,0.5595
2014-11-20,529.5,533.0,533.85,520.3,525.7,524.75,523.19,3788322,1.9820031694e+14,44652,2259551,0.5965
2014-11-21,524.75,528.55,539.4,527.2,531.7,531.0,532.1,3976809,2.1160436389e+14,60541,2328411,0.5855
2014-11-24,531.0,531.0,538.65,525.0,528.0,526.4,529.74,3753092,1.98818132495e+14,49649,2389009,0.6365
2014-11-25,526.4,528.55,529.05,513.0,524.0,521.85,521.19,4313395,2.24808540965e+14,60595,2305477,0.5345
2014-11-26,521.85,521.7,524.8,515.0,520.9,519.95,520.04,4589398,2.3866719906e+14,68491,2846904,0.6203
2014-11-27,519.95,515.0,522.85,511.5,521.85,519.95,516.41,5641394,2.91325016515e+14,61948,3303561,0.5856
2014-11-28,519.95,524.4,539.0,521.5,531.9,533.5,530.02,8174796,4.3327869341e+14,84518,5154997,0.6306
2014-12-01,533.5,539.85,539.85,530.1,535.05,536.0,534.52,5093458,2.72253658235e+14,134346,3155169,0.6195
2014-12-02,536.0,535.7,535.8,528.1,529.0,528.95,530.5,3555543,1.88621037405e+14,42325,1962177,0.5519
2014-12-03,528.95,535.2,538.8,526.3,528.3,529.0,532.03,3997174,2.1266032936e+14,66472,1873206,0.4686
2014-12-04,529.0,534.0,537.25,522.0,528.4,527.75,526.9,3600835,1.8972879968e+14,59706,1792281,0.4977
2014-12-05,527.75,524.45,530.75,522.45,524.95,525.35,526.47,2443317,1.28632633775e+14,37122,1064125,0.4355
2014-12-08,525.35,525.1,530.5,513.7,515.6,515.7,520.94,3102060,1.6159814955e+14,54495,1653982,0.5332
2014-12-09,515.7,517.25,520.85,501.35,503.25,503.25,509.2,5503173,2.8022408983e+14,98340,3262514,0.5928
2014-12-10,503.25,496.0,514.9,493.2,510.0,511.0,506.15,5561474,2.81494480315e+14,76614,2247672,0.4042
2014-12-11,511.0,506.8,512.8,498.0,504.3,503.9,504.0,4026431,2.02931581235e+14,73582,1667749,0.4142
2014-12-12,503.9,498.9,507.75,496.0,497.2,499.95,502.36,3859003,1.93860844135e+14,69189,1939363,0.5026
2014-12-15,499.95,494.9,501.8,492.35,496.5,493.95,496.98,3855125,1.91593211335e+14,67407,1872695,0.4858
2014-12-16,493.95,490.0,491.7,478.5,486.05,481.65,483.76,4762142,2.30373503695e+14,130085,2608728,0.5478
2014-12-17,481.65,478.6,486.4,468.65,475.3,475.8,475.44,6172599,2.93472404475e+14,80878,3880510,0.6287
2014-12-18,475.8,481.05,490.0,480.85,485.05,484.9,485.14,4370887,2.120513275e+14,77199,2483541,0.5682
2014-12-19,484.9,490.3,497.8,484.15,488.0,485.9,491.42,4616429,2.26860255345e+14,73032,2573725,0.5575
2014-12-22,485.9,486.1,497.3,481.35,496.0,494.7,489.65,3191672,1.5628053769e+14,68368,1962805,0.615
2014-12-23,494.7,496.8,501.45,485.6,488.05,488.15,492.88,4121567,2.0314477062e+14,48543,2578976,0.6257
2014-12-24,488.15,490.15,492.75,481.55,483.8,483.95,485.49,6440960,3.12699728455e+14,44534,3626218,0.563
2014-12-26,483.95,483.0,487.55,478.95,485.4,485.15,482.7,2314336,1.11713896485e+14,31678,824612,0.3563
2014-12-29,485.15,485.15,498.0,485.15,495.5,495.05,494.98,2788674,1.38032869265e+14,76734,1376782,0.4937
2014-12-30,495.05,499.0,499.5,490.25,494.2,493.75,494.02,1683677,8.3177244345e+13,27473,704362,0.4183
2014-12-31,493.75,494.5,498.7,491.05,495.3,495.55,495.24,3183466,1.57656897945e+14,50748,1056667,0.3319
2015-01-01,495.55,494.5,499.45,492.25,498.55,498.45,496.76,934528,4.642335034e+13,12769,303443,0.3247
2015-01-02,498.45,497.25,517.4,497.25,513.5,511.8,510.18,4148596,2.11651466895e+14,60297,2098181,0.5058
2015-01-05,511.8,510.1,526.0,506.7,524.1,523.8,518.6,6686952,3.467849662e+14,89227,3696954,0.5529
2015-01-06,523.8,514.35,514.35,499.25,502.0,501.4,504.78,7894918,3.9851701907e+14,160548,4736934,0.6
2015-01-07,501.4,495.0,500.4,489.2,493.7,493.85,494.52,9134678,4.5172690791e+14,166649,5515549,0.6038
2015-01-08,493.85,504.0,514.8,501.0,510.0,512.0,507.92,5476843,2.78179159245e+14,118182,3026127,0.5525
2015-01-09,512.0,521.25,524.95,515.5,521.0,522.3,520.89,4010545,2.0890582228e+14,65449,1490902,0.3717
2015-01-12,522.3,518.5,524.7,511.25,520.95,522.3,518.46,2533395,1.3134637558e+14,46938,887960,0.3505
2015-01-13,522.3,520.35,525.7,515.25,518.85,519.45,520.21,4282874,2.22799671925e+14,108600,2340841,0.5466
2015-01-14,519.45,521.5,526.65,513.95,520.2,520.35,519.72,6006186,3.1215457099e+14,150795,3581116,0.5962
2015-01-15,520.35,528.3,536.0,523.75,529.05,532.95,530.82,6829305,3.6251522518e+14,103995,4508480,0.6602
2015-01-16,532.95,531.1,535.8,522.4,525.5,525.75,526.46,4205034,2.21379279635e+14,116101,2354307,0.5599
2015-01-19,525.75,526.5,539.6,523.15,536.95,538.5,533.54,4568341,2.4373702437e+14,80811,2643623,0.5787
2015-01-20,538.5,538.75,561.0,534.75,559.95,559.2,548.76,6075180,3.33384323105e+14,113370,3661470,0.6027
2015-01-21,559.2,556.85,558.45,546.0,550.45,551.5,551.8,6452158,3.56031082435e+14,96859,3634084,0.5632
2015-01-22,551.5,550.65,568.7,548.55,566.1,566.5,562.29,5946787,3.34382290555e+14,107930,2933534,0.4933
2015-01-23,566.5,575.0,591.15,574.0,586.1,588.45,582.5,7682336,4.47498469215e+14,92066,3741521,0.487
2015-01-27,588.45,596.05,607.7,596.05,606.0,604.55,601.15,7136967,4.29041144975e+14,196320,4358018,0.6106
2015-01-28,604.55,599.0,599.2,587.0,588.05,589.2,592.08,8209728,4.8607919559e+14,104919,5581451,0.6799
2015-01-29,589.2,586.0,600.7,580.6,597.0,598.6,594.14,5812166,3.45324801985e+14,85051,3459558,0.5952
2015-01-30,598.6,601.4,604.7,581.1,586.4,585.15,588.21,4136616,2.4331802174e+14,86101,2241651,0.5419
2015-02-02,585.15,587.8,595.9,580.85,592.25,592.5,587.98,4316925,2.53827051105e+14,88096,2469607,0.5721
2015-02-03,592.5,597.65,612.4,596.2,598.15,603.3,604.73,6035606,3.6499243535e+14,96822,2269020,0.3759
2015-02-04,603.3,606.65,606.65,588.2,592.0,591.4,594.17,3362648,1.99800125825e+14,47277,1537929,0.4574
2015-02-05,591.4,591.0,602.9,582.0,587.6,589.2,593.51,6774777,4.02090875615e+14,89368,2681732,0.3958
2015-02-06,589.2,567.05,572.0,552.2,559.95,559.6,559.06,12091509,6.75985351945e+14,138040,6038555,0.4994
2015-02-09,559.6,550.0,554.45,541.3,542.8,542.65,548.07,4579430,2.5098704702e+14,103468,2535079,0.5536
2015-02-10,542.65,544.0,568.0,543.35,563.7,564.1,556.33,5557625,3.09187696995e+14,152320,2311994,0.416
2015-02-11,564.1,567.0,571.4,553.35,560.15,558.9,558.41,4588336,2.56218962995e+14,48774,2850580,0.6213
2015-02-12,558.9,562.2,566.0,552.5,563.15,561.8,559.76,5430678,3.0399012189e+14,85995,3393208,0.6248
2015-02-13,561.8,562.7,567.2,555.0,565.2,565.55,561.8,3469320,1.9490495131e+14,52803,1788964,0.5157
2015-02-16,565.55,569.0,580.45,565.5,574.0,574.15,575.4,5732125,3.29826376955e+14,86836,3385742,0.5907
2015-02-18,574.15,572.7,587.0,560.65,583.1,584.3,578.82,5784461,3.34816856635e+14,82272,2781154,0.4808
2015-02-19,584.3,586.0,592.55,572.1,578.0,576.55,579.88,4271131,2.4767474913e+14,58383,1971281,0.4615
2015-02-20,576.55,579.5,585.0,572.25,580.0,579.9,579.54,3865784,2.24038848275e+14,55828,1672931,0.4328
2015-02-23,579.9,582.0,584.45,572.05,575.5,574.2,577.53,3008142,1.7372791319e+14,57776,1616233,0.5373
2015-02-24,574.2,577.0,578.0,559.95,566.0,564.4,565.35,4304190,2.4333530288e+14,112352,2595146,0.6029
2015-02-25,564.4,566.7,576.0,564.0,567.0,568.2,570.34,3050026,1.7395663336e+14,112897,1421812,0.4662
2015-02-26,568.2,570.1,572.05,557.35,562.4,560.65,564.14,3533029,1.9931247116e+14,110847,2132093,0.6035
2015-02-27,560.65,567.05,581.0,563.5,574.0,575.15,573.35,4310800,2.4715886255e+14,71172,2498817,0.5797
2015-02-28,575.15,576.85,598.95,563.8,597.5,593.35,581.82,4108469,2.39039174635e+14,52826,1240001,0.3018
2015-03-02,593.35,597.4,601.0,573.1,584.15,585.0,583.67,4899347,2.8596147845e+14,87452,1970829,0.4023
2015-03-03,585.0,582.5,582.5,572.0,573.0,574.1,574.72,3555077,2.0431907876e+14,61743,1904980,0.5358
2015-03-04,574.1,581.5,592.1,570.1,574.6,574.1,582.51,6176534,3.5978638098e+14,100471,3045438,0.4931
2015-03-05,574.1,576.0,577.8,567.7,570.6,570.7,570.93,3318912,1.89487619685e+14,54186,1643994,0.4953
2015-03-09,570.7,571.0,573.6,562.0,563.1,565.1,567.15,3528212,2.0010381871e+14,79654,1881814,0.5334
2015-03-10,565.1,567.9,572.7,558.7,561.0,560.2,565.6,3875591,2.19205084855e+14,95351,2334109,0.6023
2015-03-11,560.2,561.0,565.2,548.2,551.1,550.9,553.58,3151043,1.7443673456e+14,49654,1446518,0.4591
2015-03-12,550.9,554.9,566.95,554.3,564.95,563.9,563.09,3394342,1.9113324139e+14,52210,1824525,0.5375
2015-03-13,563.9,565.65,565.7,555.1,559.0,558.35,559.33,5325356,2.97862622465e+14,78654,3318718,0.6232
2015-03-16,558.35,559.05,565.7,554.25,558.1,556.9,558.76,2757396,1.5407156391e+14,55050,1569358,0.5691
2015-03-17,556.9,564.0,579.0,562.4,569.9,571.55,571.05,5338621,3.04862305585e+14,75991,2596984,0.4865
2015-03-18,571.55,570.35,571.0,556.5,560.65,560.2,562.65,4521120,2.54380894635e+14,93145,2749376,0.6081
2015-03-19,560.2,565.0,568.95,551.25,552.45,553.8,560.74,3260146,1.82810764695e+14,58113,1966729,0.6033
2015-03-20,553.8,548.95,550.65,541.0,549.0,547.6,546.22,5065418,2.7668216043e+14,118862,3013487,0.5949
2015-03-23,547.6,548.05,557.8,548.05,552.0,551.45,552.82,3120391,1.7250209592e+14,61905,1634524,0.5238
2015-03-24,551.45,551.8,552.5,528.4,531.8,532.25,541.55,4471090,2.4213138293e+14,81591,2468536,0.5521
2015-03-25,532.25,535.5,545.6,533.5,541.0,541.85,540.09,8533721,4.60900042635e+14,122890,5830385,0.6832
2015-03-26,541.85,530.9,539.0,520.8,526.8,524.25,530.06,6475129,3.43223333255e+14,87728,3750175,0.5792
2015-03-27,524.25,525.65,536.8,518.15,535.0,535.35,530.65,4671141,2.47875907895e+14,81888,2566513,0.5494
2015-03-30,535.35,536.85,541.05,531.35,540.2,540.0,536.09,3969941,2.12824327105e+14,82911,2347989,0.5914
2015-03-31,540.0,540.15,559.8,537.6,550.6,550.2,549.67,5352135,2.9418881639e+14,142278,2821000,0.5271
2015-04-01,550.2,549.1,566.4,548.0,566.1,564.9,557.3,4177702,2.3282413304e+14,95664,2451421,0.5868
2015-04-06,564.9,563.9,573.5,555.35,566.5,568.15,569.34,5728358,3.2613848963e+14,102382,3384350,0.5908
2015-04-07,568.15,569.05,570.7,554.05,561.0,560.35,560.6,3201751,1.79491167745e+14,61991,1682094,0.5254
2015-04-08,560.35,565.0,569.6,559.2,563.0,561.5,564.54,3774897,2.13106490785e+14,77756,2105004,0.5576
2015-04-09,561.5,562.8,564.85,552.25,560.0,559.9,557.8,3043135,1.6974640274e+14,54869,1388363,0.4562
2015-04-10,559.9,558.8,569.4,555.55,561.85,562.65,561.79,2808049,1.577538987e+14,46542,1150169,0.4096
2015-04-13,562.65,563.0,563.9,552.45,556.15,556.25,555.97,2889208,1.60630769e+14,87262,1502212,0.5199
2015-04-15,556.25,551.25,551.25,538.25,539.95,540.45,544.39,4118983,2.2423158833e+14,137919,2290131,0.556
2015-04-16,540.45,543.75,551.25,534.2,538.4,541.25,542.92,4027716,2.18673050965e+14,89074,1970791,0.4893
2015-04-17,541.25,541.5,544.8,534.15,534.15,535.35,539.53,2728290,1.47198611165e+14,73343,1380458,0.506
2015-04-20,535.35,543.15,543.15,521.05,536.1,533.2,529.93,5011252,2.6555983499e+14,136271,2602955,0.5194
2015-04-21,533.2,531.45,538.0,523.5,527.4,527.4,531.5,3243871,1.7241316734e+14,75200,1744855,0.5379
2015-04-22,527.4,529.0,529.7,510.65,525.25,523.5,520.98,4311384,2.24615765625e+14,109493,2257726,0.5237
2015-04-23,523.5,527.8,527.8,508.45,511.75,512.0,516.58,4961920,2.56321083065e+14,91064,2664723,0.537
2015-04-24,512.0,515.25,520.0,508.6,517.3,516.2,515.74,4302328,2.21886704675e+14,62545,2298324,0.5342
2015-04-27,516.2,521.0,523.0,513.05,517.5,516.85,519.04,3082875,1.6001297036e+14,65488,1481071,0.4804
2015-04-28,516.85,520.5,533.8,518.35,525.9,529.85,526.87,6417077,3.38094759945e+14,124545,3833500,0.5974
2015-04-29,529.85,526.75,528.0,516.8,521.55,520.9,520.99,3685760,1.92026110295e+14,56956,2103716,0.5708
2015-04-30,520.9,518.2,520.8,506.75,509.5,508.25,512.53,10009172,5.1299782492e+14,103715,5975537,0.597
2015-05-04,508.25,511.75,516.0,497.5,508.2,506.45,504.09,5849866,2.94888608825e+14,113398,3100471,0.53
2015-05-05,506.45,509.5,515.7,506.05,511.0,510.45,511.16,3398712,1.73729987735e+14,52528,1566873,0.461
2015-05-06,510.45,508.5,508.5,495.8,500.0,497.85,500.86,5925410,2.96779305675e+14,80658,3575825,0.6035
2015-05-07,497.85,493.5,503.0,482.6,491.05,488.1,494.16,5504557,2.72010877615e+14,70771,2931057,0.5325
2015-05-08,488.1,498.75,515.9,497.35,513.0,513.7,510.19,6229295,3.17814676095e+14,101709,3432059,0.551
2015-05-11,513.7,522.25,530.95,517.0,528.55,529.7,525.6,5520513,2.90155829825e+14,143697,3425687,0.6205
2015-05-12,529.7,525.7,525.7,511.15,514.1,513.55,515.48,4569616,2.35552721525e+14,81869,2773263,0.6069
2015-05-13,513.55,517.0,525.55,506.55,519.2,520.45,517.04,4442178,2.2967981065e+14,87580,2058405,0.4634
2015-05-14,520.45,519.0,519.0,510.1,516.45,516.6,513.9,3587736,1.84374738675e+14,91325,1799392,0.5015
2015-05-15,516.6,519.0,524.5,517.05,520.4,519.9,520.58,4038816,2.1025406208e+14,76488,2616501,0.6478
2015-05-18,519.9,517.25,524.4,510.3,520.0,520.7,516.03,4363711,2.2518137552e+14,74282,2509455,0.5751
2015-05-19,520.7,516.9,518.75,508.7,509.75,509.8,513.56,5500642,2.82491974325e+14,93307,3578617,0.6506
2015-05-20,509.8,511.0,513.85,503.55,506.0,505.25,507.55,6385674,3.24107745915e+14,96925,4293884,0.6724
2015-05-21,505.25,506.5,512.5,505.0,511.0,511.2,510.49,4708702,2.4037477653e+14,140823,3068481,0.6517
2015-05-22,511.2,511.75,516.95,510.2,514.5,514.65,514.49,4744826,2.44116272305e+14,127586,3318364,0.6994
2015-05-25,514.65,513.0,514.0,503.0,505.0,505.3,508.17,3080546,1.5654332417e+14,38872,1802933,0.5853
2015-05-26,505.3,505.0,506.0,493.55,499.0,497.6,497.7,7389680,3.6778779545e+14,113604,3668382,0.4964
2015-05-27,497.6,473.6,474.95,463.55,472.75,471.75,470.73,15936377,7.50167516815e+14,182427,8771140,0.5504
2015-05-28,471.75,473.85,487.45,472.25,482.55,484.35,482.0,11792862,5.6841079973e+14,153480,6212942,0.5268
2015-05-29,484.35,485.2,490.25,479.4,483.7,481.65,484.07,7892019,3.82026747255e+14,109689,5313102,0.6732
2015-06-01,481.65,482.9,482.9,471.0,473.0,472.05,474.36,4610219,2.1868962874e+14,88453,2959293,0.6419
2015-06-02,472.05,473.1,478.4,465.0,465.6,466.95,469.97,6237231,2.9313058447e+14,78916,3224002,0.5169
2015-06-03,466.95,467.0,468.75,434.7,458.5,456.85,451.02,9702740,4.37608476335e+14,137547,5514510,0.5683
2015-06-04,456.85,456.85,458.45,445.45,451.7,451.2,449.06,8001049,3.59296024e+14,101730,5413768,0.6766
2015-06-05,451.2,445.65,449.55,439.5,442.05,442.1,443.35,11195670,4.9636020574e+14,113173,7612351,0.6799
2015-06-08,442.1,435.3,438.0,429.05,435.1,435.6,433.21,7072020,3.06367557675e+14,87781,3875051,0.5479
2015-06-09,435.6,431.3,443.8,431.3,440.4,440.05,438.65,7741629,3.3958894119e+14,108554,5215404,0.6737
2015-06-10,440.05,439.9,449.4,436.0,445.9,446.6,445.39,9716102,4.3274886186e+14,138574,6545653,0.6737
2015-06-11,446.6,446.5,446.8,428.1,430.55,430.2,434.26,9668308,4.19858481565e+14,109335,6119015,0.6329
2015-06-12,430.2,426.55,429.5,417.25,422.95,421.8,422.06,10871836,4.58853952295e+14,110127,7093653,0.6525
2015-06-15,421.8,426.0,427.95,418.1,425.5,426.35,423.79,7287773,3.0884964646e+14,91235,4092898,0.5616
2015-06-16,426.35,427.05,435.8,421.25,433.0,432.8,426.89,6192559,2.64353047235e+14,62594,3772136,0.6091
2015-06-17,432.8,436.0,437.4,426.5,433.55,433.7,432.41,7034146,3.04166717695e+14,74938,4684030,0.6659
2015-06-18,433.7,434.9,447.5,431.4,443.5,445.45,442.67,8198142,3.62906542085e+14,164055,5003899,0.6104
2015-06-19,445.45,444.8,444.8,431.6,433.7,433.05,436.08,6891821,3.0053801797e+14,154121,4249206,0.6166
2015-06-22,433.05,435.0,444.0,435.0,439.25,440.5,440.99,5281379,2.3290175208e+14,82457,3127732,0.5922
2015-06-23,440.5,441.0,447.4,435.0,436.65,436.0,439.82,5762483,2.53444197345e+14,95300,3251775,0.5643
2015-06-24,436.0,438.7,438.7,428.1,430.0,430.6,433.59,7081258,3.07038618815e+14,112784,5036222,0.7112
2015-06-25,430.6,433.0,436.1,429.5,433.55,432.4,433.01,7745469,3.35383198445e+14,87972,5361762,0.6922
2015-06-26,432.4,435.0,438.8,431.2,437.0,437.6,435.34,5009173,2.1807130938e+14,77606,3025617,0.604
2015-06-29,437.6,428.8,432.5,418.15,430.0,428.25,426.44,7143044,3.04611117155e+14,81362,4988804,0.6984
2015-06-30,428.25,428.0,436.25,422.7,433.7,434.15,427.78,6387312,2.7323502011e+14,90025,4165949,0.6522
2015-07-01,434.15,436.75,447.4,431.4,446.0,444.5,440.43,6054910,2.66678876595e+14,75239,2967670,0.4901
2015-07-02,444.5,445.0,445.0,435.0,435.35,436.4,439.62,4641851,2.04065530225e+14,95054,2360514,0.5085
2015-07-03,436.4,436.0,436.0,430.45,433.55,433.15,433.08,3709457,1.60648268845e+14,58710,2265339,0.6107
2015-07-06,433.15,428.0,433.5,420.7,429.8,431.1,427.08,4600687,1.96487650145e+14,59799,2134593,0.464
2015-07-07,431.1,434.35,435.7,428.0,431.35,431.55,431.54,5667938,2.4459570189e+14,73760,2826426,0.4987
2015-07-08,431.55,424.0,424.0,400.0,404.3,404.95,408.4,15521757,6.33907604775e+14,254699,9401401,0.6057
2015-07-09,404.95,400.15,403.35,394.25,398.25,397.8,397.62,9351601,3.71836178015e+14,127925,5189543,0.5549
2015-07-10,397.8,400.25,405.8,398.05,401.15,401.9,401.5,13661389,5.4850726866e+14,154027,9702828,0.7102
2015-07-13,401.9,406.7,406.7,397.05,402.35,402.1,402.3,8047912,3.2376499478e+14,105800,4643499,0.577
2015-07-14,402.1,403.5,403.5,380.95,385.05,385.95,390.76,11333562,4.42875244315e+14,171725,5994020,0.5289
2015-07-15,385.95,387.0,395.0,382.6,394.1,394.3,390.22,15561638,6.07249996405e+14,140415,10374692,0.6667
2015-07-16,394.3,394.9,398.65,392.45,394.5,395.25,395.32,5199913,2.05562427835e+14,95705,2943796,0.5661
2015-07-17,395.25,395.95,403.25,390.4,397.0,398.05,396.6,6590110,2.61364612705e+14,110324,3189874,0.484
2015-07-20,398.05,399.0,401.9,389.3,390.55,390.75,393.38,5777196,2.27262982815e+14,102991,3432670,0.5942
2015-07-21,390.75,391.8,393.3,386.1,389.1,389.1,389.85,6461958,2.5191732411e+14,63661,4202255,0.6503
2015-07-22,389.1,388.0,392.8,385.95,389.0,389.55,389.96,5955109,2.32224861965e+14,80913,3647336,0.6125
2015-07-23,389.55,388.75,403.4,385.0,402.5,401.35,395.58,9510349,3.76210301925e+14,121015,3534589,0.3717
2015-07-24,401.35,397.55,399.35,389.0,389.65,390.25,394.4,7059848,2.7844060128e+14,88833,3677729,0.5209
2015-07-27,390.25,384.25,385.25,373.0,377.25,377.45,378.2,8450904,3.1961621849e+14,113307,4449064,0.5265
2015-07-28,377.45,373.0,374.9,366.1,370.0,370.1,369.6,10975840,4.0566426469e+14,122703,7288753,0.6641
2015-07-29,370.1,373.9,379.95,372.7,379.0,376.45,375.43,9532212,3.5786482759e+14,86033,7164626,0.7516
2015-07-30,376.45,381.65,382.5,376.0,379.0,377.45,378.71,6562559,2.48533461595e+14,71589,4209895,0.6415
2015-07-31,377.45,380.8,390.5,380.05,384.0,383.85,384.71,6947628,2.6728512176e+14,85495,4207491,0.6056
2015-08-03,383.85,386.35,394.4,382.0,387.55,388.2,390.27,6647982,2.5945001127e+14,82764,4034617,0.6069
2015-08-04,388.2,385.9,387.0,378.0,381.15,380.75,381.85,5621275,2.1464569108e+14,90701,3425007,0.6093
2015-08-05,380.75,378.75,388.5,375.1,376.0,376.4,381.57,8298929,3.16666380825e+14,89891,4358762,0.5252
2015-08-06,376.4,376.5,384.7,373.2,382.6,383.1,379.56,7976356,3.02753183635e+14,106410,3797992,0.4762
2015-08-07,383.1,382.4,396.0,382.4,392.75,393.4,390.03,10706804,4.17596259355e+14,168792,4709971,0.4399
2015-08-10,393.4,384.0,395.3,382.1,383.0,385.7,389.21,14494111,5.641218378e+14,154534,7078807,0.4884
2015-08-11,385.7,387.1,388.0,367.55,367.85,369.15,375.25,9984809,3.74674990015e+14,127909,6097255,0.6107
2015-08-12,369.15,365.0,365.85,353.55,356.4,355.2,357.65,11107801,3.97265813145e+14,124365,7308372,0.6579
2015-08-13,355.2,356.9,360.95,348.0,350.6,349.4,353.15,11147702,3.93684635255e+14,94787,7132713,0.6398
2015-08-14,349.4,351.45,359.75,345.1,355.05,355.25,352.6,6400810,2.2569352374e+14,84492,2681008,0.4189
2015-08-17,355.25,354.4,362.3,345.25,356.0,356.1,354.96,5812093,2.06305297095e+14,91436,2563282,0.441
2015-08-18,356.1,355.85,358.35,347.7,348.55,348.6,351.97,5623977,1.97949645265e+14,78906,3082336,0.5481
2015-08-19,348.6,348.7,354.9,344.0,352.0,351.25,351.29,6435894,2.26088657415e+14,71927,3411842,0.5301
2015-08-20,351.25,348.0,349.7,341.0,343.0,342.2,343.95,7789676,2.6792662124e+14,102937,5086572,0.653
2015-08-21,342.2,339.4,339.4,327.75,332.9,332.4,331.09,8793065,2.9113248573e+14,118995,5571467,0.6336
2015-08-24,332.4,317.0,317.0,301.6,303.95,308.25,311.92,14753473,4.60192203325e+14,145655,8920403,0.6046
2015-08-25,308.25,308.0,331.35,305.8,329.5,328.85,318.61,13398318,4.2687943804e+14,140973,7619516,0.5687
2015-08-26,328.85,322.0,341.4,318.25,331.4,335.1,332.64,13781660,4.5842883384e+14,165108,8002166,0.5806
2015-08-27,335.1,338.4,342.55,327.25,338.15,334.05,335.05,17224851,5.7711950528e+14,227376,9138707,0.5306
2015-08-28,334.05,342.0,342.0,335.25,340.6,340.05,338.28,7123909,2.40990267685e+14,84220,3565476,0.5005
2015-08-31,340.05,340.0,348.75,332.45,340.4,340.15,340.01,7244287,2.4631026125e+14,102015,3696504,0.5103
2015-09-01,340.15,334.95,339.35,325.1,328.0,329.9,333.43,8606005,2.86946313085e+14,98491,4602652,0.5348
2015-09-02,329.9,328.85,332.5,321.45,324.0,324.45,325.6,8097313,2.636461439e+14,96861,4626633,0.5714
2015-09-03,324.45,326.2,339.8,326.2,331.7,333.55,334.54,8138855,2.7227781267e+14,92934,4268590,0.5245
2015-09-04,333.55,330.0,330.8,316.0,323.8,322.9,321.33,6592654,2.118450375e+14,112879,3434839,0.521
2015-09-07,322.9,327.8,333.0,320.0,324.0,322.85,326.39,5357928,1.74875991015e+14,57871,1935245,0.3612
2015-09-08,322.85,326.0,333.25,316.3,331.2,330.9,326.34,6729868,2.1961931041e+14,108028,2636686,0.3918
2015-09-09,330.9,335.35,350.7,333.6,345.0,344.9,342.44,8833492,3.02492051945e+14,121953,3668050,0.4152
2015-09-10,344.9,340.05,356.45,331.0,355.0,354.1,347.93,9872906,3.4350683155e+14,128538,3453410,0.3498
2015-09-11,354.1,354.9,358.9,342.25,343.6,344.6,350.08,8569963,3.00017249545e+14,117276,3039860,0.3547
2015-09-14,344.6,348.9,350.9,342.25,345.95,346.8,347.6,5480940,1.905158897e+14,67027,2742508,0.5004
2015-09-15,346.8,345.95,345.95,333.05,334.35,334.1,337.9,5802405,1.9606240364e+14,74753,2806033,0.4836
2015-09-16,334.1,337.7,340.4,332.5,337.3,338.05,337.41,5708786,1.92622309075e+14,66243,2303793,0.4036
2015-09-18,338.05,329.2,333.8,326.85,332.35,330.25,330.35,14893326,4.91996173385e+14,133412,7331785,0.4923
2015-09-21,330.25,326.85,334.9,325.65,331.65,331.7,331.86,5172386,1.71650173785e+14,77445,2618703,0.5063
2015-09-22,331.7,332.0,333.6,314.0,315.0,315.8,323.55,7122834,2.30461075675e+14,92657,3485865,0.4894
2015-09-23,315.8,311.0,312.55,306.25,310.2,310.3,310.12,8954516,2.7769751268e+14,137050,4639183,0.5181
2015-09-24,310.3,309.7,312.0,301.6,302.45,303.4,305.45,13799813,4.21511758855e+14,125506,9746249,0.7063
2015-09-28,303.4,304.4,304.4,283.5,284.65,285.0,291.97,13577316,3.9641057595e+14,166699,6592274,0.4855
2015-09-29,285.0,281.2,294.8,279.1,288.05,288.75,285.84,12304403,3.51709496835e+14,167211,4207831,0.342
2015-09-30,288.75,289.25,299.75,288.1,298.0,298.6,295.81,12926187,3.8237312793e+14,150933,6129428,0.4742
2015-10-01,298.6,301.45,301.5,291.5,296.3,297.75,295.81,7501080,2.21888910295e+14,121550,3210174,0.428
2015-10-05,297.75,302.5,322.1,302.5,315.0,315.15,315.82,14527820,4.58814303315e+14,197253,7022454,0.4834
2015-10-06,315.15,320.55,334.7,319.55,333.25,333.7,328.76,18806867,6.18303748625e+14,185755,9243081,0.4915
2015-10-07,333.7,333.9,345.0,329.0,342.8,341.35,340.27,17802539,6.05765316285e+14,178106,8188136,0.4599
2015-10-08,341.35,343.8,347.3,341.55,343.7,343.25,343.86,12085332,4.1557189282e+14,149936,5091652,0.4213
2015-10-09,343.25,346.2,359.2,341.1,358.25,356.45,350.37,11635790,4.0768656942e+14,134386,3626728,0.3117
2015-10-12,356.45,356.5,367.0,356.4,363.85,362.35,363.06,10509775,3.8156484961e+14,108852,4448227,0.4232
2015-10-13,362.35,360.0,365.25,355.05,361.5,361.1,359.86,9969583,3.58767869035e+14,100872,4023258,0.4036
2015-10-14,361.1,358.75,360.25,351.1,353.55,352.3,354.94,7009418,2.48792824225e+14,83779,3313845,0.4728
2015-10-15,352.3,355.3,383.75,355.3,380.0,381.3,374.29,19487376,7.2939491534e+14,197463,7456097,0.3826
2015-10-16,381.3,388.6,390.95,380.65,386.75,386.2,386.0,16497652,6.36804496985e+14,151307,6518409,0.3951
2015-10-19,386.2,384.0,384.0,376.25,378.85,378.7,379.37,7455714,2.8284390657e+14,87246,2712377,0.3638
2015-10-20,378.7,379.0,395.75,377.4,382.25,383.15,388.06,15426131,5.98631445955e+14,133400,5818619,0.3772
2015-10-21,383.15,379.95,386.4,378.55,380.9,381.45,382.7,8720671,3.3374320247e+14,78688,3308046,0.3793
2015-10-23,381.45,383.9,388.8,382.0,382.6,383.0,384.83,6744440,2.59546367295e+14,66641,2593881,0.3846
2015-10-26,383.0,386.45,389.9,383.25,384.05,384.6,385.88,5064657,1.9543467934e+14,86651,2287166,0.4516
2015-10-27,384.6,383.0,386.95,382.2,383.6,383.35,384.64,4423221,1.7013388059e+14,48050,1936397,0.4378
2015-10-28,383.35,382.8,390.75,382.2,387.0,386.3,385.79,8018683,3.0934908775e+14,66362,3217054,0.4012
2015-10-29,386.3,388.95,396.8,384.25,388.4,391.2,391.76,15381516,6.025849686e+14,122945,8074016,0.5249
2015-10-30,391.2,389.75,390.8,383.5,384.8,384.95,386.86,6651831,2.5732971606e+14,63761,2584556,0.3885
2015-11-02,384.95,386.1,392.05,384.4,388.5,387.95,389.37,7511675,2.92483493885e+14,67183,3030603,0.4035
2015-11-03,387.95,391.25,391.25,380.8,382.3,382.05,385.08,5887746,2.26722611245e+14,102547,2569915,0.4365
2015-11-04,382.05,390.05,407.25,390.05,406.6,404.85,403.13,13985828,5.63816355885e+14,186069,5251497,0.3755
2015-11-05,404.85,403.6,412.8,401.45,404.0,404.0,406.92,12912937,5.254484996e+14,116398,6347889,0.4916
2015-11-06,404.0,399.9,404.4,392.5,394.15,396.15,398.31,11016134,4.38788995095e+14,214285,5364542,0.487
2015-11-09,396.15,374.0,413.5,373.05,412.0,411.75,402.34,22128119,8.90301458005e+14,238949,8808945,0.3981
2015-11-10,411.75,408.0,417.4,402.7,405.5,407.45,412.22,12654616,5.216456607e+14,141129,5605123,0.4429
2015-11-11,407.45,408.75,414.0,408.05,411.25,411.3,411.48,1164924,4.7933827825e+13,14197,292864,0.2514
2015-11-13,411.3,411.35,417.5,401.8,403.65,403.95,407.25,11007237,4.4826582e+14,115758,5354113,0.4864
2015-11-16,403.95,401.0,404.85,394.2,399.75,400.25,399.33,7673487,3.06424543375e+14,98741,3674597,0.4789
2015-11-17,400.25,403.0,410.7,398.55,408.0,407.5,405.61,6063987,2.45961983045e+14,67726,2377907,0.3921
2015-11-18,407.5,407.95,413.5,403.25,406.3,406.25,409.05,6960097,2.84702589535e+14,80558,3320128,0.477
2015-11-19,406.25,409.9,409.9,403.5,407.3,406.95,407.09,5645524,2.29825465595e+14,59726,2638602,0.4674
2015-11-20,406.95,408.5,410.7,401.35,404.25,402.85,406.04,5420173,2.2008010136e+14,77221,2531889,0.4671
2015-11-23,402.85,400.35,404.4,396.5,402.5,402.1,400.89,4658448,1.86751945745e+14,79143,1785183,0.3832
2015-11-24,402.1,399.1,406.5,397.05,401.9,400.95,401.13,5624579,2.2562034843e+14,63248,2262333,0.4022
2015-11-26,400.95,404.75,426.45,404.0,422.0,424.4,417.36,15070353,6.28981229915e+14,158456,6829616,0.4532
2015-11-27,424.4,425.55,431.9,416.45,418.0,417.65,424.73,9720127,4.12841924865e+14,135398,3904938,0.4017
2015-11-30,417.65,419.9,429.6,418.0,423.5,423.25,424.46,9901753,4.2029249537e+14,96546,5838735,0.5897
2015-12-01,423.25,427.0,427.0,416.1,418.0,417.35,420.43,6402692,2.6918646339e+14,75878,2689575,0.4201
2015-12-02,417.35,415.9,418.9,410.3,411.55,413.15,415.22,6543300,2.71692277485e+14,77112,3010779,0.4601
2015-12-03,413.15,408.7,411.9,404.25,406.0,405.6,407.37,5999323,2.4439531539e+14,93015,2932583,0.4888
2015-12-04,405.6,402.5,411.5,398.7,400.7,399.95,404.69,8477407,3.43072014775e+14,115514,3945559,0.4654
2015-12-07,399.95,402.9,403.0,395.3,398.2,399.15,398.79,6156323,2.4550809325e+14,95948,3086792,0.5014
2015-12-08,399.15,396.95,406.95,396.1,401.85,402.4,404.24,7851653,3.1739843928e+14,122214,3616964,0.4607
2015-12-09,402.4,402.8,405.0,392.75,394.15,393.95,397.46,6103583,2.425952214e+14,106533,2633738,0.4315
2015-12-10,393.95,401.2,401.2,385.25,389.0,389.6,390.35,10684178,4.1705326459e+14,122282,5552251,0.5197
2015-12-11,389.6,390.9,392.65,375.3,379.0,377.95,383.11,6537672,2.5046741613e+14,100176,2509906,0.3839
2015-12-14,377.95,369.75,373.5,360.5,372.0,371.6,368.3,12682481,4.67089926955e+14,176095,5573884,0.4395
2015-12-15,371.6,371.25,380.95,365.5,379.1,379.5,373.66,7717531,2.8837047538e+14,128713,2875603,0.3726
2015-12-16,379.5,375.9,385.0,372.85,380.15,380.45,380.44,11874858,4.5176917087e+14,154644,5175493,0.4358
2015-12-17,380.45,385.0,387.0,376.05,382.15,382.95,381.47,7604665,2.9009892177e+14,113765,3846414,0.5058
2015-12-18,382.95,381.9,384.8,376.8,379.0,378.25,381.15,6454322,2.46006116875e+14,58746,3637892,0.5636
2015-12-21,378.25,379.1,382.55,377.5,380.15,380.15,379.46,4015631,1.52378083085e+14,86385,1756755,0.4375
2015-12-22,380.15,380.9,382.8,377.2,377.55,378.1,380.16,3802024,1.4453665756e+14,62799,2001517,0.5264
2015-12-23,378.1,379.9,380.85,377.5,378.7,378.45,379.05,3953766,1.4986566789e+14,46213,2118429,0.5358
2015-12-24,378.45,380.9,384.75,377.6,382.35,382.4,382.39,4568751,1.74706702275e+14,46098,1932757,0.423
2015-12-28,382.4,384.9,395.0,383.75,394.85,394.0,391.54,7166351,2.8058982394e+14,67548,4041258,0.5639
2015-12-29,394.0,392.9,397.5,388.75,390.7,391.85,392.95,7359611,2.8919661536e+14,94528,4322175,0.5873
2015-12-30,391.85,392.0,395.0,390.5,394.0,393.45,393.11,4866177,1.9129431495e+14,64431,2773240,0.5699
2015-12-31,393.45,394.0,395.75,389.15,391.6,391.3,391.85,6410622,2.5119964767e+14,50250,3438509,0.5364
2016-01-01,391.3,392.5,403.0,373.0,401.8,401.9,398.24,4377363,1.74324578355e+14,44132,808972,0.1848
2016-01-04,401.9,400.0,400.1,375.05,376.15,377.05,383.74,7822660,3.00189966445e+14,98407,2984181,0.3815
2016-01-05,377.05,381.05,382.45,372.1,373.0,374.45,377.36,6901068,2.6041675291e+14,85155,3112289,0.451
2016-01-06,374.45,374.25,375.5,364.6,365.0,365.9,370.04,7211230,2.66840964105e+14,94107,3295244,0.457
2016-01-07,365.9,356.25,358.0,338.1,344.8,343.55,347.83,11782307,4.09819019285e+14,151305,5176531,0.4393
2016-01-08,343.55,345.6,355.85,345.6,353.9,353.35,351.97,8770370,3.0869097287e+14,94306,3773447,0.4302
2016-01-11,353.35,343.9,364.75,341.65,360.45,360.2,357.29,10576721,3.77892741195e+14,102634,3259763,0.3082
2016-01-12,360.2,362.7,363.95,351.6,355.4,355.0,356.36,8363062,2.98024075555e+14,93086,3526752,0.4217
2016-01-13,355.0,360.45,369.8,356.3,363.0,364.6,362.64,14191511,5.1464172566e+14,143638,5437338,0.3831
2016-01-14,364.6,356.1,359.4,346.8,353.8,354.3,353.04,10673343,3.7680664727e+14,124785,4491368,0.4208
2016-01-15,354.3,353.9,353.9,339.35,340.7,341.3,347.35,6557584,2.27778521485e+14,63497,2823439,0.4306
2016-01-18,341.3,341.0,343.3,334.4,340.5,340.2,339.29,6285144,2.1324571706e+14,67853,2753872,0.4382
2016-01-19,340.2,343.0,357.2,342.0,354.25,354.15,351.19,7304555,2.5652792926e+14,77450,3227936,0.4419
2016-01-20,354.15,349.65,349.65,338.8,341.9,342.25,343.31,9156596,3.1435934767e+14,94482,5621987,0.614
2016-01-21,342.25,340.65,344.15,323.0,327.6,328.55,330.92,16524035,5.4681311779e+14,149035,7548745,0.4568
2016-01-22,328.55,335.5,345.9,331.5,339.65,339.5,338.81,9595392,3.2510571572e+14,102494,4568348,0.4761
2016-01-25,339.5,345.5,345.5,331.15,333.6,332.6,338.9,6106931,2.06963285225e+14,88259,1994627,0.3266
2016-01-27,332.6,338.0,341.0,333.2,336.9,337.05,337.7,8333202,2.81413807975e+14,79518,4504083,0.5405
2016-01-28,337.05,336.3,341.4,332.3,333.85,334.2,335.31,13153617,4.4104791882e+14,87267,9295172,0.7067
2016-01-29,334.2,332.0,340.6,324.2,336.9,336.9,334.46,10350998,3.4620412375e+14,110669,4476713,0.4325
2016-02-01,336.9,338.75,342.4,332.25,335.25,338.5,337.69,6563774,2.21653591435e+14,69594,2380197,0.3626
2016-02-02,338.5,343.8,344.7,327.7,329.0,329.55,336.62,9179304,3.08996040275e+14,111160,3940454,0.4293
2016-02-03,329.55,325.55,325.95,317.05,320.95,320.3,321.17,6685445,2.14713862565e+14,93400,2785258,0.4166
2016-02-04,320.3,325.3,329.3,321.2,327.05,325.5,325.79,6086981,1.9830747343e+14,91156,2852224,0.4686
2016-02-05,325.5,330.5,339.0,326.65,336.7,337.1,333.64,9236577,3.0817121971e+14,123929,4202863,0.455
2016-02-08,337.1,334.95,334.95,321.35,322.45,323.5,328.82,6974342,2.2932905723e+14,85772,2580745,0.37
2016-02-09,323.5,319.5,322.65,308.8,311.05,310.65,315.09,12489713,3.93542238955e+14,186452,6600591,0.5285
2016-02-10,310.65,309.85,309.95,288.25,288.7,291.55,296.13,21756193,6.44268711975e+14,213764,12826325,0.5895
2016-02-11,291.55,298.5,300.0,265.8,271.3,276.35,286.23,21632886,6.19198612865e+14,183602,9108237,0.421
2016-02-12,276.35,281.0,303.95,271.6,296.05,298.35,289.45,21542152,6.23542849355e+14,232099,9147888,0.4247
2016-02-15,298.35,297.9,320.75,297.7,316.05,317.25,312.33,18888699,5.89948790715e+14,207165,10997041,0.5822
2016-02-16,317.25,319.4,324.2,298.9,301.8,301.15,312.46,13598374,4.24888788495e+14,151955,5530850,0.4067
2016-02-17,301.15,302.95,313.5,298.65,312.1,310.15,305.9,13717526,4.1961378958e+14,126449,5370382,0.3915
2016-02-18,310.15,315.15,319.1,306.2,312.15,314.0,313.86,12498247,3.92275941845e+14,194648,6591777,0.5274
2016-02-19,314.0,312.1,320.0,311.1,318.05,318.2,315.54,7706462,2.43165939365e+14,89924,3068348,0.3982
2016-02-22,318.2,320.0,324.2,313.6,319.8,318.85,318.05,8699779,2.7669454271e+14,110227,4182046,0.4807
2016-02-23,318.85,324.0,324.75,314.45,317.5,318.55,318.2,11635881,3.70251392705e+14,125251,6021594,0.5175
2016-02-24,318.55,316.0,316.0,304.75,306.55,306.3,309.19,7629905,2.35910342895e+14,96807,2557679,0.3352
2016-02-25,306.3,309.8,312.2,296.2,299.7,298.2,303.1,12959812,3.9281386514e+14,107446,7285465,0.5622
2016-02-26,298.2,303.2,305.2,297.6,302.25,301.8,301.28,9181680,2.7662235097e+14,77802,4339651,0.4726
2016-02-29,301.8,303.2,305.75,290.25,300.0,299.7,300.18,12607181,3.78446991195e+14,117824,6129432,0.4862
2016-03-01,299.7,301.1,317.0,301.1,315.0,315.35,309.66,11440045,3.54250271925e+14,121563,5551778,0.4853
2016-03-02,315.35,322.9,326.0,314.35,316.55,317.1,320.81,12418149,3.9838749028e+14,149616,6010220,0.484
2016-03-03,317.1,324.5,339.8,321.5,337.0,336.7,331.85,12844057,4.262265334e+14,156733,4158977,0.3238
2016-03-04,336.7,340.15,348.75,338.65,343.45,343.5,344.2,8197520,2.82156233785e+14,112411,3031169,0.3698
2016-03-08,343.5,346.5,353.75,341.5,345.5,346.05,347.53,7888999,2.7416658671e+14,89966,2904709,0.3682
2016-03-09,346.05,339.9,349.0,336.0,347.75,347.7,343.33,6383925,2.1918018524e+14,79926,1525762,0.239
2016-03-10,347.7,347.0,353.6,341.4,348.2,348.5,347.8,7443048,2.58871231335e+14,75453,2537750,0.341
2016-03-11,348.5,348.5,355.9,345.15,353.35,354.25,350.4,7641330,2.6775323655e+14,95835,2879263,0.3768
2016-03-14,354.25,359.9,370.55,358.95,365.5,366.45,366.41,13066837,4.78783089175e+14,125898,6646510,0.5087
2016-03-15,366.45,366.9,370.7,359.55,361.2,360.4,363.79,9800731,3.5654508137e+14,105988,4699568,0.4795
2016-03-16,360.4,359.95,362.75,353.3,362.0,359.55,357.53,7554537,2.7009664155e+14,86141,2731421,0.3616
2016-03-17,359.55,366.9,367.4,358.6,359.5,360.9,363.54,6914296,2.5135954832e+14,80395,2955027,0.4274
2016-03-18,360.9,362.5,367.8,362.5,366.05,366.05,365.33,6594019,2.4090043847e+14,69743,3297022,0.5
2016-03-21,366.05,367.25,375.5,365.75,374.85,374.7,371.35,9325793,3.4631546014e+14,124058,4413449,0.4733
2016-03-22,374.7,376.95,381.5,370.4,376.0,377.2,376.28,8909026,3.35231911995e+14,128918,3692806,0.4145
2016-03-23,377.2,378.0,379.45,374.05,376.0,377.0,376.74,5766182,2.17235614485e+14,98825,2588400,0.4489
2016-03-28,377.0,375.5,375.5,361.5,364.0,363.3,368.2,8062793,2.96874454955e+14,76005,4612997,0.5721
2016-03-29,363.3,364.0,378.95,363.05,371.65,372.45,372.03,9364810,3.4840299664e+14,115670,3488485,0.3725
2016-03-30,372.45,380.5,391.5,376.8,391.1,388.6,383.25,10295891,3.94590723995e+14,126689,5171400,0.5023
2016-03-31,388.6,387.9,393.6,380.5,388.7,386.6,387.94,10738707,4.1659528326e+14,115837,5203246,0.4845
2016-04-01,386.6,386.4,386.4,377.7,380.15,379.65,380.66,5683771,2.16356115165e+14,62111,2108467,0.371
2016-04-04,379.65,385.95,391.0,382.4,387.4,388.4,387.25,6011729,2.3280384533e+14,96258,2164588,0.3601
2016-04-05,388.4,386.0,386.0,369.0,370.05,370.5,377.62,6058241,2.2877104835e+14,89624,2345250,0.3871
2016-04-06,370.5,373.7,382.4,372.05,376.25,376.7,378.0,7323269,2.7681645764e+14,88551,2696676,0.3682
2016-04-07,376.7,375.95,384.8,370.3,375.2,375.2,377.63,8724110,3.29446312985e+14,115339,2410088,0.2763
2016-04-08,375.2,375.5,380.05,370.5,371.6,371.45,374.6,4860484,1.8207266997e+14,66676,1380100,0.2839
2016-04-11,371.45,373.95,387.8,373.9,386.0,386.65,381.14,6827449,2.60220579565e+14,92223,2414689,0.3537
2016-04-12,386.65,387.95,397.4,387.15,395.5,395.8,393.05,7702684,3.0275499418e+14,105900,2839081,0.3686
2016-04-13,395.8,400.0,411.75,398.15,408.65,408.75,407.13,12373115,5.0374439909e+14,168964,6662560,0.5385
2016-04-18,408.75,407.65,409.9,402.5,407.0,407.35,406.23,5571076,2.2631167565e+14,77253,2566673,0.4607
2016-04-20,407.35,407.0,410.35,400.65,403.85,404.1,405.83,7589901,3.0802437372e+14,100611,3629564,0.4782
2016-04-21,404.1,408.7,417.2,406.0,410.5,411.5,411.43,9211869,3.79006864645e+14,111112,4678184,0.5078
2016-04-22,411.5,412.1,420.5,408.0,417.1,417.0,416.08,5995998,2.49480423835e+14,75965,2148363,0.3583
2016-04-25,417.0,417.6,417.6,410.0,412.0,412.2,412.76,3272996,1.35095335585e+14,63481,1203343,0.3677
2016-04-26,412.2,408.65,423.65,405.05,418.35,419.05,416.78,6998505,2.9168305808e+14,106925,2904984,0.4151
2016-04-27,419.05,418.95,425.25,414.65,419.1,418.55,420.75,6227941,2.6204082357e+14,95959,2918121,0.4686
2016-04-28,418.55,418.8,420.95,409.7,410.45,411.35,413.77,7546101,3.1223764084e+14,150016,4180794,0.554
2016-04-29,411.35,410.0,413.7,403.05,408.1,408.35,407.72,6251095,2.54871344355e+14,104590,2709408,0.4334
2016-05-02,408.35,407.95,410.45,402.5,408.2,407.7,406.96,4178821,1.70063278215e+14,57962,1414442,0.3385
2016-05-03,407.7,410.9,422.0,407.8,408.85,409.65,415.54,9620804,3.9978666998e+14,104175,2961494,0.3078
2016-05-04,409.65,405.5,405.5,380.1,383.15,381.8,389.08,12069134,4.6958823467e+14,136649,5276917,0.4372
2016-05-05,381.8,384.0,396.05,383.15,389.7,391.15,391.17,9601341,3.75575988085e+14,97494,4320362,0.45
2016-05-06,391.15,388.6,400.9,384.5,397.6,398.7,392.37,9953672,3.9055659699e+14,113433,5292817,0.5317
2016-05-09,398.7,400.35,405.2,395.15,402.65,403.35,400.62,8700283,3.48550107495e+14,103866,3768260,0.4331
2016-05-10,403.35,400.8,400.8,387.15,389.95,388.95,390.89,9166453,3.5830658961e+14,122990,4215780,0.4599
2016-05-11,388.95,384.8,391.95,376.1,380.4,379.85,383.75,11595875,4.4499690687e+14,131335,4527541,0.3904
2016-05-12,379.85,379.0,388.6,379.0,387.0,387.05,385.58,6506343,2.5087105582e+14,72505,2711453,0.4167
2016-05-13,387.05,391.25,394.0,385.5,389.5,389.95,390.35,14027896,5.47584391575e+14,146771,7783927,0.5549
2016-05-16,389.95,393.8,396.7,389.0,390.75,392.7,393.22,8248193,3.2433276464e+14,87893,4095663,0.4966
2016-05-17,392.7,392.6,395.0,386.6,389.5,389.7,391.45,9425555,3.68960409915e+14,90601,4250112,0.4509
2016-05-18,389.7,383.5,387.35,381.6,384.75,384.85,384.67,8589315,3.30407447685e+14,93580,4525540,0.5269
2016-05-19,384.85,386.25,393.3,381.95,384.65,386.9,389.66,10988676,4.2817927089e+14,87631,5758286,0.524
2016-05-20,386.9,386.7,392.7,383.5,384.0,384.45,388.82,6537509,2.54194196885e+14,72726,3313819,0.5069
2016-05-23,384.45,388.55,389.95,380.1,383.3,381.75,386.2,8153090,3.1487557108e+14,89566,4069433,0.4991
2016-05-24,381.75,383.8,391.75,382.65,389.0,389.1,389.07,10568106,4.1116940186e+14,91891,6545991,0.6194
2016-05-25,389.1,394.0,399.95,394.0,396.55,397.0,397.32,8897382,3.5350660993e+14,95924,5066654,0.5695
2016-05-26,397.0,400.5,402.0,396.75,400.0,399.25,399.26,8469732,3.3815927293e+14,89195,5138069,0.6066
2016-05-27,399.25,400.0,405.0,396.0,403.1,403.9,401.07,9035525,3.6238561221e+14,82737,3818131,0.4226
2016-05-30,403.9,404.8,423.6,401.3,423.0,421.25,415.18,15767133,6.5462056912e+14,186242,6783607,0.4302
2016-05-31,421.25,456.0,464.9,445.0,455.6,459.65,457.17,110744326,5.06294346328e+15,438702,73338482,0.6622
2016-06-01,459.65,455.75,458.3,445.0,446.8,449.2,452.7,10389215,4.70322367795e+14,140757,4679600,0.4504
2016-06-02,449.2,444.1,460.5,444.1,453.0,453.45,454.99,13674434,6.22168191665e+14,147002,5704701,0.4172
2016-06-03,453.45,458.05,461.8,452.5,452.55,453.95,457.01,11672544,5.33447947945e+14,110388,5895577,0.5051
2016-06-06,453.95,457.8,465.0,450.2,462.55,460.5,456.15,9356808,4.26807796235e+14,117496,3251389,0.3475
2016-06-07,460.5,466.45,466.45,459.0,463.2,463.05,462.35,12568902,5.81126172225e+14,119943,6078541,0.4836
2016-06-08,463.05,465.5,468.8,463.2,465.0,466.15,465.59,10467158,4.8733779574e+14,82424,4727977,0.4517
2016-06-09,466.15,469.45,470.25,465.0,467.0,467.15,467.17,8525017,3.9826046361e+14,73094,2848037,0.3341
2016-06-10,467.15,466.75,466.75,454.5,457.4,456.95,460.95,7039858,3.2450545921e+14,90106,2502464,0.3555
2016-06-13,456.95,451.0,451.4,436.7,444.55,444.25,442.07,9507282,4.20284340845e+14,92197,4103230,0.4316
2016-06-14,444.25,446.9,453.85,441.15,448.7,448.4,448.85,9615226,4.31575197495e+14,134160,3772548,0.3924
2016-06-15,448.4,449.9,453.0,447.25,451.55,452.1,450.48,5704865,2.56993248945e+14,71444,2666380,0.4674
2016-06-16,452.1,449.7,455.5,446.05,453.9,454.35,450.51,7255454,3.2686474256e+14,107017,3349838,0.4617
2016-06-17,454.35,461.0,465.75,457.3,463.65,464.4,462.54,7836702,3.62482610935e+14,128797,3988140,0.5089
2016-06-20,464.4,464.75,484.2,460.25,482.6,482.05,473.11,9261350,4.3816660052e+14,104212,3858579,0.4166
2016-06-21,482.05,484.0,486.2,477.6,484.3,484.9,482.43,8907801,4.29741624165e+14,95613,4803735,0.5393
2016-06-22,484.9,483.05,484.8,468.05,472.0,472.7,473.7,7660165,3.6286220701e+14,96495,3007835,0.3927
2016-06-23,472.7,476.1,489.9,476.1,487.75,487.95,483.17,9628216,4.6520209032e+14,131019,4226545,0.439
2016-06-24,487.95,439.2,453.75,421.25,447.7,449.4,439.3,40998600,1.80106523628e+15,330936,13288590,0.3241
2016-06-27,449.4,451.8,457.25,443.6,447.95,448.95,448.82,12450283,5.58792065245e+14,128652,3745912,0.3009
2016-06-28,448.95,448.0,448.0,433.0,441.0,440.4,441.08,10190394,4.4948159036e+14,128902,4748857,0.466
2016-06-29,440.4,447.1,449.8,445.4,447.0,447.25,447.44,6285461,2.81239030915e+14,79651,2624130,0.4175
2016-06-30,447.25,454.3,462.25,451.55,458.5,459.25,458.74,13214064,6.0617623482e+14,128591,7406521,0.5605
2016-07-01,459.25,463.6,464.75,454.7,459.1,457.9,458.85,7027759,3.2246952057e+14,87253,3438941,0.4893
2016-07-04,457.9,467.0,474.85,467.0,468.8,469.5,471.58,8413087,3.96746608615e+14,178631,3941626,0.4685
2016-07-05,469.5,468.5,469.0,459.5,460.5,460.9,462.42,4934087,2.2816445163e+14,60419,2419955,0.4905
2016-07-07,460.9,460.95,465.45,454.1,455.5,455.15,458.84,6580663,3.01949542245e+14,88253,2959956,0.4498
2016-07-08,455.15,464.3,468.2,462.65,466.3,466.3,465.37,9263727,4.3110854404e+14,105310,5229311,0.5645
2016-07-11,466.3,472.1,486.8,472.1,483.85,484.6,482.86,10477166,5.0590247805e+14,123496,5770021,0.5507
2016-07-12,484.6,486.0,488.65,481.1,485.0,484.3,483.74,6767972,3.2739689277e+14,105966,3797358,0.5611
2016-07-13,484.3,485.95,488.1,477.95,480.65,481.1,481.61,5855718,2.82018218615e+14,73612,3164012,0.5403
2016-07-14,481.1,480.1,489.3,478.95,485.5,486.1,486.35,5983007,2.9098117e+14,90559,3185848,0.5325
2016-07-15,486.1,480.0,501.7,479.65,494.05,494.0,494.65,8889558,4.3971758356e+14,102652,4000847,0.4501
2016-07-18,494.0,495.0,505.0,490.0,490.75,492.65,500.08,7463954,3.73257905675e+14,84910,3373789,0.452
2016-07-19,492.65,493.9,503.5,493.45,498.0,499.25,498.46,7665519,3.8209917705e+14,90528,3079013,0.4017
2016-07-20,499.25,496.3,502.45,492.45,493.5,493.9,495.33,5697901,2.82235147185e+14,61459,3160786,0.5547
2016-07-21,493.9,498.45,500.0,489.7,490.65,491.05,495.2,3658371,1.8116175206e+14,61330,1200602,0.3282
2016-07-22,491.05,494.45,508.45,493.5,506.65,507.2,499.96,5588143,2.79382759775e+14,87836,2352779,0.421
2016-07-25,507.2,505.5,510.95,503.35,508.55,509.0,507.46,4638151,2.35368235435e+14,82370,2101856,0.4532
2016-07-26,509.0,506.05,513.35,502.1,502.95,503.25,507.31,6187499,3.1390107147e+14,109884,3390199,0.5479
2016-07-27,503.25,507.75,513.05,505.5,509.35,510.1,509.94,5193425,2.6483432303e+14,79157,2561638,0.4932
2016-07-28,510.1,510.0,511.9,498.75,508.75,506.85,506.28,6338260,3.2089205634e+14,56741,3723996,0.5875
2016-07-29,506.85,507.8,510.5,501.1,503.35,503.2,505.11,3746332,1.89232465045e+14,53241,1675507,0.4472
2016-08-01,503.2,506.8,514.9,505.5,507.85,508.25,509.72,4748497,2.42041251215e+14,46864,2043546,0.4304
2016-08-02,508.25,510.0,511.2,491.15,494.75,493.3,502.94,5251838,2.64135140915e+14,52988,2662266,0.5069
2016-08-03,493.3,494.5,499.5,475.5,479.3,478.4,485.95,7925049,3.85119335555e+14,107700,3896101,0.4916
2016-08-04,478.4,490.1,501.45,488.6,500.55,500.0,497.06,9476008,4.71016570525e+14,106240,3949792,0.4168
2016-08-05,500.0,507.2,518.7,502.15,517.0,516.4,510.16,6393514,3.2617374952e+14,79925,2368740,0.3705
2016-08-08,516.4,518.2,522.6,513.4,514.55,514.8,516.87,4649302,2.4030697927e+14,155581,2424444,0.5215
2016-08-09,514.8,521.0,522.0,509.2,513.4,513.8,514.59,6015760,3.09564571125e+14,233468,3368037,0.5599
2016-08-10,513.8,515.6,516.5,502.3,503.65,503.45,506.07,6371139,3.22423566695e+14,119009,3766191,0.5911
2016-08-11,503.45,503.75,505.0,495.1,502.4,503.25,500.35,4112806,2.05784509425e+14,69675,1569700,0.3817
2016-08-12,503.25,506.9,519.5,506.15,516.0,516.8,515.94,7167435,3.6979500233e+14,93917,3652054,0.5095
2016-08-16,516.8,512.95,515.0,503.3,506.5,507.6,507.5,6034295,3.0623902954e+14,92379,3517621,0.5829
2016-08-17,507.6,511.1,514.25,505.85,509.4,510.4,510.49,5853980,2.98837805515e+14,92335,2928328,0.5002
2016-08-18,510.4,512.4,517.9,510.75,510.75,512.05,513.91,4990558,2.564688049e+14,41295,3117634,0.6247
2016-08-19,512.05,514.0,515.0,508.2,509.8,510.0,511.24,4567273,2.33495708555e+14,79375,2639034,0.5778
2016-08-22,510.0,509.1,513.6,503.1,504.0,503.95,506.14,4330313,2.19174410885e+14,67141,2463255,0.5688
2016-08-23,503.95,505.25,508.6,500.45,504.5,504.0,504.34,5342115,2.6942281771e+14,109435,3043046,0.5696
2016-08-24,504.0,504.7,506.05,493.6,498.0,498.35,499.34,5189459,2.5912980364e+14,62646,2574346,0.4961
2016-08-25,498.35,498.35,503.3,491.3,492.8,493.85,496.03,8787262,4.35874629955e+14,103088,5361534,0.6101
2016-08-26,493.85,502.0,515.35,486.0,514.25,503.75,503.24,16347856,8.2269577841e+14,178575,4858699,0.2972
2016-08-29,503.75,522.5,528.75,515.4,525.15,525.3,523.82,12534399,6.565828469e+14,152952,4070068,0.3247
2016-08-30,525.3,528.5,530.8,524.1,529.8,529.0,527.25,6611147,3.4857539232e+14,89229,3169383,0.4794
2016-08-31,529.0,529.0,548.8,529.0,538.0,537.7,540.91,15725942,8.5063601533e+14,190940,6829320,0.4343
2016-09-01,537.7,540.5,546.65,540.0,544.75,543.65,543.67,7571854,4.116609155e+14,104353,4460016,0.589
2016-09-02,543.65,552.0,555.9,549.1,549.5,549.85,551.77,10097146,5.571277135e+14,119780,5475098,0.5422
2016-09-06,549.85,556.35,593.3,556.35,587.75,588.7,575.29,15813178,9.0972417101e+14,183624,7273935,0.46
2016-09-07,588.7,590.0,598.4,584.0,589.25,587.4,590.25,13408927,7.91465453925e+14,194950,6068492,0.4526
2016-09-08,587.4,590.75,591.7,577.75,585.0,584.2,582.41,10456258,6.0898377308e+14,124853,6400613,0.6121
2016-09-09,584.2,580.0,582.95,571.7,573.0,573.25,574.57,7159068,4.113354913e+14,111109,4152885,0.5801
2016-09-12,573.25,551.0,560.0,549.25,553.75,553.45,554.33,7055294,3.91098079865e+14,177951,3695619,0.5238
2016-09-14,553.45,556.25,565.35,544.1,564.2,560.5,550.47,12364724,6.80637999165e+14,167639,6875618,0.5561
2016-09-15,560.5,562.0,566.25,555.4,558.5,557.55,559.53,5258859,2.94250794335e+14,55639,2150709,0.409
2016-09-16,557.55,562.4,568.2,546.35,550.6,548.7,552.68,10931845,6.041824892e+14,77478,6901424,0.6313
2016-09-19,548.7,553.8,556.4,549.45,553.75,554.45,552.69,6979269,3.85734117795e+14,78552,4517569,0.6473
2016-09-20,554.45,555.0,556.3,545.5,546.9,548.45,549.23,6874462,3.7756339229e+14,78787,3790467,0.5514
2016-09-21,548.45,548.6,556.4,544.0,550.1,549.9,551.51,5919149,3.2644674171e+14,100973,2553227,0.4314
2016-09-22,549.9,561.2,562.95,551.35,557.4,558.45,557.3,6012388,3.35072930925e+14,94438,2709134,0.4506
2016-09-23,558.45,558.5,558.5,551.2,554.5,553.05,553.96,4840360,2.68137044685e+14,66250,2788048,0.576
2016-09-26,553.05,549.95,549.95,533.75,535.8,535.3,539.32,6858574,3.69897528805e+14,101239,3934179,0.5736
2016-09-27,535.3,537.7,542.0,530.25,533.7,531.95,536.02,4912743,2.6333155955e+14,65711,1724866,0.3511
2016-09-28,531.95,533.0,545.4,531.5,540.4,540.0,539.86,6604953,3.56573462205e+14,81823,2976271,0.4506
2016-09-29,540.0,543.0,546.9,516.65,525.0,526.3,530.66,9315794,4.94355491855e+14,81179,4699475,0.5045
2016-09-30,526.3,525.6,536.55,521.2,534.6,534.85,529.78,5659248,2.9981472532e+14,97841,2454297,0.4337
2016-10-03,534.85,539.4,546.0,539.0,541.5,540.8,542.36,4505939,2.4438401203e+14,78127,2230410,0.495
2016-10-04,540.8,547.4,552.4,540.65,552.0,549.95,546.15,5715454,3.1215164559e+14,75845,2625078,0.4593
2016-10-05,549.95,555.3,562.4,549.75,557.3,559.65,556.65,5929204,3.30047009005e+14,91060,2355414,0.3973
2016-10-06,559.65,563.1,564.2,549.1,551.75,551.45,556.37,4273945,2.37789185455e+14,63284,1584518,0.3707
2016-10-07,551.45,554.5,567.3,552.6,565.0,565.7,560.48,9122002,5.1127093269e+14,77266,4414310,0.4839
2016-10-10,565.7,571.1,571.1,560.9,562.95,562.05,564.9,3673211,2.07499206575e+14,56992,1605760,0.4372
2016-10-13,562.05,556.9,556.9,537.0,544.0,544.85,545.3,9510827,5.1862252395e+14,130898,4938672,0.5193
2016-10-14,544.85,546.0,557.45,545.0,557.0,556.1,551.37,5872827,3.23811105075e+14,72101,2660251,0.453
2016-10-17,556.1,557.85,557.85,545.9,547.5,547.55,550.83,3463154,1.9076004226e+14,53873,1520476,0.439
2016-10-18,547.55,549.2,556.0,549.2,553.5,554.25,553.27,3965424,2.1939633913e+14,84356,1896764,0.4783
2016-10-19,554.25,552.05,554.9,545.05,549.9,550.5,549.78,4275157,2.35040133445e+14,62363,1654002,0.3869
2016-10-20,550.5,553.05,554.0,546.0,547.15,546.85,549.11,2770011,1.5210390901e+14,38591,1021750,0.3689
2016-10-21,546.85,549.0,550.0,541.5,544.85,544.5,544.39,2789747,1.5187188895e+14,57819,1178856,0.4226
2016-10-24,544.5,544.0,564.0,543.55,558.3,559.8,556.12,5161299,2.8703151812e+14,69414,1867448,0.3618
2016-10-25,559.8,549.85,561.0,549.1,552.3,553.8,555.04,5690576,3.1584950156e+14,84734,1995147,0.3506
2016-10-26,553.8,548.0,548.0,523.15,527.25,530.05,536.04,6665017,3.5727214262e+14,110729,3349349,0.5025
2016-10-27,530.05,515.6,525.75,510.75,525.5,522.0,518.75,18470182,9.5813693523e+14,172802,9321684,0.5047
2016-10-28,522.0,527.0,539.95,525.1,536.8,537.0,535.13,5665910,3.0320000621e+14,81141,1879139,0.3317
2016-10-30,537.0,536.4,536.4,529.5,530.2,531.95,533.06,622999,3.3209279775e+13,8887,219253,0.3519
2016-11-01,531.95,534.4,537.9,525.05,529.45,530.6,529.93,6848662,3.62929551845e+14,105069,2394918,0.3497
2016-11-02,530.6,522.6,526.0,512.35,513.8,513.3,517.68,4750117,2.45904277645e+14,63419,1326492,0.2793
2016-11-03,513.3,509.8,521.45,505.2,509.25,510.2,513.7,6909458,3.54938710865e+14,90608,1767397,0.2558
2016-11-04,510.2,509.25,516.35,501.6,513.5,512.3,509.76,7564243,3.85593973365e+14,103226,3218898,0.4255
2016-11-07,512.3,513.0,521.3,505.05,505.8,506.35,512.33,5507954,2.82188014085e+14,85057,2074166,0.3766
2016-11-08,506.35,518.4,543.0,517.0,538.5,540.2,533.72,12739083,6.7990893938e+14,137127,3665281,0.2877
2016-11-09,540.2,501.15,544.0,500.0,534.2,533.5,527.23,10276017,5.4178155144e+14,86307,3066018,0.2984
2016-11-10,533.5,536.0,549.35,531.5,532.9,533.7,540.38,6906437,3.73211805765e+14,87503,2251899,0.3261
2016-11-11,533.7,526.5,530.0,505.0,510.9,507.3,515.15,7823667,4.03035227535e+14,92133,3957029,0.5058
2016-11-15,507.3,484.9,484.9,453.0,460.2,457.4,467.85,15356070,7.1843606077e+14,181331,6471889,0.4215
2016-11-16,457.4,468.45,471.7,450.0,459.7,458.45,462.65,10855618,5.0223772446e+14,168974,4098972,0.3776
2016-11-17,458.45,460.0,476.0,459.65,475.4,472.85,470.43,8949767,4.2102450377e+14,101157,4021938,0.4494
2016-11-18,472.85,469.9,473.85,461.85,469.75,471.25,468.48,7246244,3.39468667225e+14,127178,3393387,0.4683
2016-11-21,471.25,468.0,472.8,451.5,458.5,456.95,459.43,7325876,3.36569680615e+14,95250,3543636,0.4837
2016-11-22,456.95,464.05,471.0,453.3,465.5,464.85,461.8,6644867,3.068608132e+14,92980,2439956,0.3672
2016-11-23,464.85,467.0,475.3,462.0,468.5,471.5,469.18,6727083,3.15620301185e+14,101385,2962058,0.4403
2016-11-24,471.5,466.35,466.35,449.7,451.75,452.95,455.42,8046995,3.66478077295e+14,84781,3324697,0.4132
2016-11-25,452.95,454.1,456.35,443.15,454.8,452.35,450.34,7426347,3.3443466599e+14,116364,2399367,0.3231
2016-11-28,452.35,451.25,460.0,450.5,454.15,454.7,456.15,5025929,2.29258856605e+14,98318,2332408,0.4641
2016-11-29,454.7,455.0,466.3,451.35,457.85,459.85,461.03,8570549,3.95124427655e+14,100878,4156321,0.485
2016-11-30,459.85,460.0,463.8,455.1,458.4,459.3,459.72,8377510,3.851270969e+14,101062,4801637,0.5732
2016-12-01,459.3,457.0,457.7,446.9,448.5,448.2,451.27,7706825,3.47784376065e+14,118796,4233680,0.5493
2016-12-02,448.2,445.0,453.5,431.15,432.1,432.9,438.92,10450654,4.5870396638e+14,114878,4300013,0.4115
2016-12-05,432.9,436.0,441.0,428.3,439.3,439.3,436.65,8211182,3.5853937026e+14,82424,2697637,0.3285
2016-12-06,439.3,441.0,445.9,438.1,440.1,441.1,442.24,4209420,1.8615796134e+14,49516,1185915,0.2817
2016-12-07,441.1,440.0,449.2,439.25,446.25,445.35,445.34,5559803,2.47598845005e+14,81897,2759647,0.4964
2016-12-08,445.35,451.2,464.4,451.2,461.25,461.55,460.64,8176055,3.7661871743e+14,116071,3537775,0.4327
2016-12-09,461.55,464.95,468.55,460.6,464.5,464.1,464.77,5690877,2.6449444661e+14,116637,2703299,0.475
2016-12-12,464.1,461.95,461.95,451.05,455.05,454.4,454.81,3837786,1.7454577984e+14,55533,1570577,0.4092
2016-12-13,454.4,476.8,486.25,462.25,470.3,470.65,482.26,63880404,3.08067884292e+15,143324,54164629,0.8479
2016-12-14,470.65,470.2,476.8,462.65,471.55,472.35,471.95,7660437,3.61537070595e+14,108130,3629795,0.4738
2016-12-15,472.35,464.0,473.6,462.5,463.2,463.2,466.84,6539067,3.05272424295e+14,99789,3221086,0.4926
2016-12-16,463.2,465.0,474.9,464.2,471.7,473.15,472.07,9015744,4.2560860662e+14,135978,5240309,0.5812
2016-12-19,473.15,470.9,478.55,465.5,471.05,471.8,472.79,5445624,2.5746125575e+14,70775,2054977,0.3774
2016-12-20,471.8,473.0,475.0,469.1,473.0,473.15,472.55,3690160,1.7437778976e+14,72550,1462781,0.3964
2016-12-21,473.15,473.5,474.5,467.1,469.6,468.5,469.5,3492856,1.6398819298e+14,55005,1913573,0.5479
2016-12-22,468.5,468.15,472.95,464.8,470.85,469.6,469.0,5436494,2.54973995545e+14,87161,2728362,0.5019
2016-12-23,469.6,464.95,468.3,460.0,468.3,465.65,464.33,3957854,1.8377373209e+14,62931,1294690,0.3271
2016-12-26,465.65,465.5,465.5,455.6,459.5,457.85,458.66,3282425,1.50550580235e+14,52317,1029261,0.3136
2016-12-27,457.85,460.0,468.75,457.4,465.9,466.95,461.85,3164664,1.46158687045e+14,52219,1101305,0.348
2016-12-28,466.95,467.0,468.65,462.0,463.6,463.35,463.97,3772181,1.7501858788e+14,67480,1819425,0.4823
2016-12-29,463.35,462.75,472.7,459.35,471.65,470.9,466.15,4763171,2.2203530988e+14,53783,2354762,0.4944
2016-12-30,470.9,471.0,475.0,467.5,469.9,472.0,471.08,3605555,1.69849344855e+14,57127,1420959,0.3941
2017-01-02,472.0,472.0,488.7,469.05,486.55,487.05,479.72,4024156,1.93045456015e+14,46945,1155521,0.2871
2017-01-03,487.05,491.0,492.7,479.9,480.5,481.1,486.65,5814518,2.82962341345e+14,68062,2007214,0.3452
2017-01-04,481.1,484.65,493.7,484.1,487.0,486.65,489.31,4769872,2.3339569562e+14,90870,1502217,0.3149
2017-01-05,486.65,496.0,503.4,495.55,502.0,502.15,500.55,7961242,3.9849689342e+14,129715,3150388,0.3957
2017-01-06,502.15,502.95,507.95,496.25,498.55,497.75,501.97,4907475,2.4634230388e+14,83283,1786394,0.364
2017-01-09,497.75,499.4,504.6,492.15,501.25,500.15,500.22,3932710,1.96723255805e+14,50574,952949,0.2423
2017-01-10,500.15,506.55,518.0,505.95,517.9,516.25,512.98,7973024,4.08996879435e+14,118993,4154597,0.5211
2017-01-11,516.25,520.25,523.95,517.15,518.85,519.25,519.85,4886398,2.54017205705e+14,79188,2413819,0.494
2017-01-12,519.25,521.7,524.0,513.2,519.15,518.25,518.43,4219627,2.18759409815e+14,58936,1596286,0.3783
2017-01-13,518.25,523.25,523.25,507.5,514.95,514.85,512.45,6367248,3.2628928709e+14,91625,3102747,0.4873
2017-01-16,514.85,518.65,529.45,517.0,526.5,526.4,524.43,6084582,3.1909329129e+14,76463,2848342,0.4681
2017-01-17,526.4,528.1,530.8,521.0,521.3,523.7,526.18,4297426,2.26120560865e+14,59209,2032487,0.473
2017-01-18,523.7,523.05,529.6,521.2,522.5,522.45,524.36,5874608,3.08041315935e+14,47816,3939773,0.6706
2017-01-19,522.45,523.0,535.6,522.7,530.65,531.45,531.81,5810128,3.0898959025e+14,93713,2365356,0.4071
2017-01-20,531.45,527.4,529.3,521.25,523.5,523.2,524.93,5013928,2.631946677e+14,95695,3165056,0.6313
2017-01-23,523.2,523.2,534.95,523.0,533.4,532.7,530.73,4209879,2.2343071725e+14,65587,2216287,0.5264
2017-01-24,532.7,533.0,543.0,532.35,540.95,541.55,540.22,5183630,2.80028842845e+14,70595,2559436,0.4938
2017-01-25,541.55,543.25,551.9,541.55,550.0,548.9,545.77,4504941,2.45866112025e+14,96866,2473162,0.549
2017-01-27,548.9,549.0,552.0,539.75,540.75,541.95,544.76,4493803,2.44803995425e+14,71162,2510772,0.5587
2017-01-30,541.95,542.0,543.5,530.8,532.75,532.3,535.12,4163428,2.22795295245e+14,68161,2544265,0.6111
2017-01-31,532.3,530.2,531.5,518.0,522.35,523.55,525.35,6035022,3.17051218375e+14,89536,3417250,0.5662
2017-02-01,523.55,527.5,544.5,522.9,540.15,542.25,534.94,4786720,2.56062292435e+14,68602,2124516,0.4438
2017-02-02,542.25,537.6,537.6,526.8,532.5,531.5,530.9,6579801,3.4932386324e+14,97475,3411529,0.5185
2017-02-03,531.5,531.9,531.9,519.5,522.35,522.6,524.4,5298261,2.7783839244e+14,88449,3228200,0.6093
2017-02-06,522.6,527.9,531.45,523.2,524.35,525.85,527.59,3642527,1.92175304595e+14,65553,1581320,0.4341
2017-02-07,525.85,524.8,524.8,502.0,507.1,506.8,511.91,7987282,4.08877884585e+14,132944,3974329,0.4976
2017-02-08,506.8,512.35,514.95,506.3,513.2,513.05,512.6,5975054,3.0628020649e+14,103444,3082288,0.5159
2017-02-09,513.05,515.4,518.0,505.75,513.65,512.85,512.31,4099871,2.1003884474e+14,59432,1782176,0.4347
2017-02-10,512.85,513.0,514.8,506.5,508.6,509.55,509.89,4732032,2.41282066635e+14,55363,2330324,0.4925
2017-02-13,509.55,512.7,512.7,503.3,503.95,505.3,506.15,4700518,2.3791458417e+14,75275,2527328,0.5377
2017-02-14,505.3,503.0,506.7,466.55,467.15,482.05,490.98,14901414,7.3162778865e+14,145070,6064694,0.407
2017-02-15,482.05,449.05,453.0,434.35,436.7,436.45,444.72,38638630,1.71832147257e+15,401225,14995822,0.3881
2017-02-16,436.45,442.55,447.6,435.4,444.1,446.0,442.98,11622714,5.14862259465e+14,142277,4029543,0.3467
2017-02-17,446.0,447.9,456.6,442.4,451.5,452.95,450.88,10063504,4.53744862525e+14,119408,4292803,0.4266
2017-02-20,452.95,451.5,458.45,449.0,455.0,455.45,454.15,5866707,2.66435911595e+14,80177,2136751,0.3642
2017-02-21,455.45,456.9,462.8,454.5,458.0,458.65,459.15,6875914,3.15706943385e+14,87494,3247866,0.4724
2017-02-22,458.65,460.25,466.7,455.8,460.0,460.05,462.25,7315280,3.381506232e+14,131789,2757853,0.377
2017-02-23,460.05,464.0,464.7,457.25,464.0,462.35,461.6,9492419,4.38169808115e+14,92180,6193845,0.6525
2017-02-27,462.35,464.0,464.0,455.1,458.0,457.8,458.04,5510484,2.52401240115e+14,89343,3557397,0.6456
2017-02-28,457.8,460.0,460.0,454.1,457.0,456.75,456.32,5722402,2.6112473002e+14,87772,3889040,0.6796
2017-03-01,456.75,455.9,455.9,448.0,449.5,449.45,450.86,8367579,3.7726099578e+14,141268,5264418,0.6291
2017-03-02,449.45,457.85,467.9,453.2,461.3,461.7,463.03,13667695,6.3285459433e+14,147115,5383593,0.3939
2017-03-03,461.7,463.3,466.85,458.6,460.25,459.95,461.43,7085620,3.26949801415e+14,111096,3892320,0.5493
2017-03-06,459.95,462.5,472.7,462.1,470.25,470.8,467.79,4036291,1.88812122065e+14,59743,1294887,0.3208
2017-03-07,470.8,469.5,475.9,466.05,466.6,467.55,470.44,7114541,3.3469503827e+14,114627,2930474,0.4119
2017-03-08,467.55,469.4,469.6,461.15,463.0,462.8,463.11,5351597,2.4783997522e+14,99533,2980492,0.5569
2017-03-09,462.8,462.45,469.7,462.0,467.6,467.6,466.96,3837624,1.79202421435e+14,80242,1641598,0.4278
2017-03-10,467.6,471.0,471.85,465.1,468.45,469.1,468.76,5766815,2.7032594757e+14,81483,2893760,0.5018
2017-03-14,469.1,481.0,483.0,468.45,470.2,469.75,472.78,6348198,3.00130615875e+14,83544,3805876,0.5995
2017-03-15,469.75,475.0,476.55,470.65,473.35,473.45,473.58,4801312,2.2737950569e+14,80630,2838492,0.5912
2017-03-16,473.45,478.7,482.0,476.15,480.9,480.95,479.2,6272947,3.00602588895e+14,77790,3844356,0.6128
2017-03-17,480.95,481.35,484.2,471.7,476.0,476.5,477.24,6338248,3.02483806945e+14,81247,3550016,0.5601
2017-03-20,476.5,476.55,478.2,470.75,475.95,476.0,474.26,2871104,1.361646343e+14,42534,1463020,0.5096
2017-03-21,476.0,478.0,478.05,470.65,473.65,473.75,473.13,4685410,2.21681593175e+14,67629,3000238,0.6403
2017-03-22,473.75,469.95,469.95,458.5,460.5,459.9,463.77,4695648,2.177713559e+14,88765,2544658,0.5419
2017-03-23,459.9,461.3,477.0,461.3,471.25,472.9,470.24,8665384,4.07476723805e+14,102038,3771384,0.4352
2017-03-24,472.9,470.75,474.8,467.55,469.7,470.4,471.19,4296510,2.0244664618e+14,50444,2117945,0.4929
2017-03-27,470.4,469.0,469.15,462.1,464.1,464.75,464.91,4417413,2.05372080945e+14,52758,2521083,0.5707
2017-03-28,464.75,467.5,473.0,467.5,472.05,472.4,471.33,2982614,1.40578438665e+14,57847,1771292,0.5939
2017-03-29,472.4,474.9,475.0,463.6,469.25,469.05,470.33,6680569,3.14208282035e+14,72109,3794301,0.568
2017-03-30,469.05,463.5,469.8,462.85,468.5,468.4,467.74,9482785,4.435430887e+14,97499,7264192,0.766
2017-03-31,468.4,466.5,472.5,464.5,467.35,465.85,468.06,6400088,2.9956074872e+14,98614,3919821,0.6125
2017-04-03,465.85,468.25,472.3,467.6,470.8,470.4,469.82,2951896,1.3868571168e+14,63896,1338955,0.4536
2017-04-05,470.4,470.4,475.0,467.25,471.8,473.5,472.43,5287168,2.4977944715e+14,102107,3069951,0.5806
2017-04-06,473.5,474.3,478.5,470.6,472.0,473.2,474.22,6703078,3.1787208793e+14,98853,3732479,0.5568
2017-04-07,473.2,468.45,480.55,466.65,468.0,468.3,473.0,8089461,3.82627697835e+14,70318,4097513,0.5065
2017-04-10,468.3,471.65,478.3,467.55,475.8,474.9,473.65,5437523,2.57546875495e+14,79713,2800508,0.515
2017-04-11,474.9,477.9,478.35,471.1,472.55,472.25,474.69,4887918,2.32024592745e+14,82164,2926917,0.5988
2017-04-12,472.25,468.7,471.55,461.6,465.05,464.55,466.52,5991598,2.7951990484e+14,64481,3575246,0.5967
2017-04-13,464.55,461.85,463.35,451.2,455.2,453.35,456.29,5930185,2.70587685805e+14,80667,3191858,0.5382
2017-04-17,453.35,452.0,455.7,447.3,447.5,449.2,450.98,4913930,2.2160667513e+14,72168,2277904,0.4636
2017-04-18,449.2,452.0,455.75,442.5,443.4,443.7,450.13,4235130,1.9063707841e+14,60493,2288088,0.5403
2017-04-19,443.7,443.0,449.5,438.3,444.95,443.05,443.13,6319332,2.80027893385e+14,111923,3166031,0.501
2017-04-20,443.05,447.85,447.85,442.1,444.1,443.95,444.64,3288900,1.4623818365e+14,76823,1712047,0.5206
2017-04-21,443.95,446.75,448.45,437.6,440.2,440.6,442.22,5325590,2.355076108e+14,69405,3015498,0.5662
2017-04-24,440.6,439.8,449.0,438.75,443.9,443.85,444.61,6214069,2.7628234748e+14,92562,3582006,0.5764
2017-04-25,443.85,445.85,447.75,443.3,446.3,445.65,445.89,5894090,2.62814356585e+14,101967,4129259,0.7006
2017-04-26,445.65,446.0,454.4,445.5,451.0,450.8,451.05,8438042,3.80600131335e+14,91539,5099603,0.6044
2017-04-27,450.8,455.0,460.9,452.7,455.0,455.35,457.48,10589249,4.84433131475e+14,97674,6447307,0.6089
2017-04-28,455.35,457.1,462.0,454.4,459.35,458.9,458.61,5126904,2.35122486735e+14,53954,2743120,0.535
2017-05-02,458.9,456.6,457.2,448.55,450.5,451.25,451.43,6071958,2.74105800555e+14,103502,3573499,0.5885
2017-05-03,451.25,451.35,456.0,444.65,445.95,446.6,451.24,5158586,2.32774687445e+14,74634,2915784,0.5652
2017-05-04,446.6,446.65,448.1,435.15,437.0,436.5,439.55,6204022,2.72700510245e+14,101288,3922266,0.6322
2017-05-05,436.5,436.5,436.5,418.0,419.9,419.6,423.45,9487539,4.0174578833e+14,180107,4273438,0.4504
2017-05-08,419.6,424.75,428.7,417.25,422.6,422.65,424.02,7427873,3.1495860245e+14,104688,4277738,0.5759
2017-05-09,422.65,424.75,428.8,422.7,426.9,426.8,426.54,2833132,1.20845501155e+14,45090,1021524,0.3606
2017-05-10,426.8,427.8,433.0,424.0,432.0,432.3,430.59,5378402,2.31591001585e+14,57789,2885192,0.5364
